status,index,name_ru,name_en,description_ru,facts_ru,description_en,facts_en,notes
imported,2486,Фес,Fez,yes,1,yes,1,
imported,2503,Хюэ,Hue,yes,1,yes,1,
imported,2569,Сус,Sousse,yes,1,yes,1,
imported,1260,Нил,Nile,yes,1,yes,1,
imported,1248,Мён,Møn,yes,1,yes,1,
imported,656,Пляж Шампань,Champagne Beach,yes,1,yes,1,
imported,443,Гора Сечеда,Seceda,yes,1,yes,1,
imported,424,Большая Азишская пещера,Bolshaya Azishskaya Cave,yes,1,yes,1,
imported,374,Карымский,Karymsky,yes,1,yes,1,
imported,407,Пещеры Млынки,Mlynki Cave,yes,1,yes,1,
imported,2456,Бам,Bam,yes,1,yes,1,
imported,1986,Пью,Pyu Ancient Cities,yes,1,yes,1,
imported,2458,Бат,Bath,yes,1,yes,1,
imported,1030,Парк Гермия,Germia Park,yes,1,yes,1,
imported,2523,Люксембург,Luxembourg,yes,1,yes,1,
imported,1038,Красные цинги,Tsingy Rouge,yes,1,yes,1,
imported,2497,Гуанахуато,Guanajuato,yes,1,yes,1,
imported,2567,Сингапур,Singapore,yes,1,yes,1,
imported,2601,Занзибар,Zanzibar,yes,1,yes,1,
imported,205,Тропический лес Дейнтри,Daintree Rainforest,yes,1,yes,1,
imported,408,Пещеры Аггтелек,Aggtelek Karst,yes,1,yes,1,
imported,433,Пляж Саракинико,Sarakiniko Beach,yes,1,yes,1,
imported,623,Горы Тяньцзы,Tianzi Mountain,yes,1,yes,1,
imported,413,Пещеры Гомантонг,Gomantong Caves,yes,1,yes,1,
imported,474,Пик Ройс,Roys Peak,yes,1,yes,1,
imported,415,Ледник Бриксдальсбреен,Briksdalsbreen,yes,1,yes,1,
imported,187,Хорнелен,Hornelen,yes,1,yes,1,
imported,321,Глен-Каньон,Glen Canyon,yes,1,yes,1,
imported,173,Гранд-Титон,Grand Teton,yes,1,yes,1,
imported,318,Хеллс-Каньон,Hells Canyon,yes,1,yes,1,
imported,234,Лес Хох,Hoh Rainforest,yes,1,yes,1,
imported,51,Бухта Ханалей (Кауаи),Hanalei Bay,yes,1,yes,1,
imported,568,Утёс Циншуй,Qingshui Cliff,yes,1,yes,1,
imported,188,Кейрнгормс,Cairngorms,yes,1,yes,1,
imported,46,Бассейны Фей — Скай,Fairy Pools,yes,1,yes,1,
imported,532,Холмы Кираинг,Quiraing,yes,1,yes,1,
imported,326,Большой Кару,Great Karoo,yes,1,yes,1,
imported,2563,Сан-Луис,São Luís,yes,1,yes,1,
imported,2570,Сплит,Split,yes,1,yes,1,
imported,1244,Кириния (горы),Kyrenia Mountains,yes,1,yes,1,
imported,892,Архипелаг Дахлак,Dahlak Archipelago,yes,1,yes,1,
imported,1271,Эстурой,Eysturoy,yes,1,yes,1,
imported,1295,Херм,Herm,yes,1,yes,1,
imported,1298,Гвинейское нагорье,Guinea Highlands,yes,1,yes,1,
imported,1312,Датский пролив,Denmark Strait,yes,1,yes,1,
imported,2509,Карангасем,Karangasem,yes,1,yes,1,
imported,907,Горы Загрос,Zagros Mountains,yes,1,yes,1,
imported,2580,Тель-Авив-Яффо,Tel-Aviv-Yafo,yes,1,yes,1,
imported,2534,Неринга,Neringa,yes,1,yes,1,
imported,2407,Панамский канал,Panama Canal,yes,2,yes,2,
imported,1144,Аклинс,Acklins,yes,1,yes,1,
imported,2502,Хойан,Hoi An,yes,1,yes,1,
imported,32,Остров Бали,Bali,yes,1,yes,1,
imported,85,Острова Гили,Gili Islands,yes,1,yes,1,
imported,7,Атоллы Мальдив,Maldives,yes,1,yes,1,
imported,93,Острова Кука,Cook Islands,yes,1,yes,1,
imported,96,Острова Палау,Palau,yes,1,yes,1,
imported,30,Остров Мадейра,Madeira,yes,1,yes,1,
imported,264,Йосемитская долина (sequoia mariposa),Mariposa Grove,yes,1,yes,1,
imported,92,Острова Тонга,Tonga,yes,1,yes,1,
imported,9,Архипелаг Фиджи,Fiji,yes,1,yes,1,
imported,94,Маркизские острова,Marquesas Islands,yes,1,yes,1,
imported,2392,Мендоса,Mendoza,yes,1,yes,1,
imported,1001,Водопады Боали,Chutes de Boali,yes,1,yes,1,
imported,1004,Ледниковый парк Хайлуогоу,Hailuogou Glacier Park,yes,1,yes,1,
imported,711,Шэньнунцзя в провинции Хубэй,Hubei Shennongjia,yes,1,yes,1,
imported,710,Синьцзян-Тяньшань,Xinjiang Tianshan,yes,1,yes,1,
imported,1013,Водопады «Семь сестёр» (Гренада),Seven Sisters Waterfall Grenada,yes,1,yes,1,
imported,1015,Бассен-Блё,Bassin Bleu,yes,1,yes,1,
imported,1025,Пять озёр Сирэтоко,Shiretoko Five Lakes,yes,1,yes,1,
imported,1899,Умм аль-Джималь,Umm Al-Jimāl,yes,1,yes,1,
imported,1031,Природная зона парка Аль-Шахид,Al Shaheed Park Natural Zone,yes,1,yes,1,
imported,1913,Древний город Анджар,Anjar,yes,1,yes,1,
imported,1916,Древний город Тир (Сур),Tyre,yes,1,yes,1,
imported,1034,Озёра Убари,Ubari Lakes,yes,1,yes,1,
imported,1040,Голубая дыра (Мальта),Blue Hole Malta,yes,1,yes,1,
imported,1050,Морской парк Саба,Saba Marine Park,yes,1,yes,1,
imported,1057,Заповедник островов Нгерукевид,Ngerukewid Islands Wildlife Preserve,yes,1,yes,1,
imported,1061,Биолюминесцентная бухта Фахардо,Fajardo Bioluminescent Bay,yes,1,yes,1,
imported,2469,Пуё,Buyeo County,yes,1,yes,1,
imported,1065,Национальный парк Пиджен-Айленд,Pigeon Island National Park,yes,1,yes,1,
imported,818,Лапландия,Laponian Area,yes,1,yes,1,
imported,1085,Блоухолы Мапуа-а-Ваеа,Mapuʻa Vaea Blowholes,yes,1,yes,1,
imported,2256,Курган Арслантепе,Arslantepe Mound,yes,1,yes,1,
imported,2244,Древний город Иерополис и источники Памуккале,Hierapolis-Pamukkale,yes,1,yes,1,
imported,2243,Древний город Ксанф и храм Летоон,Xanthos-Letoon,yes,1,yes,1,
imported,1086,Подземное озеро Ков-Ата,Köw Ata Underground Lake,yes,1,yes,1,
imported,2270,Палеоландшафт Файя,Faya Palaeolandscape,yes,1,yes,1,
imported,619,Пещера Джомбланг,Goa Jomblang,yes,1,yes,1,
imported,590,Спирит-Айленд,Spirit Island,yes,1,yes,1,
imported,581,Светящийся пляж Ваадху,Vaadhoo Bioluminescent Beach,yes,1,yes,1,
imported,450,Вади Шаб,Wadi Shab,yes,1,yes,1,
imported,582,Впадина То-Суа,To Sua Ocean Trench,yes,1,yes,1,
imported,635,Скала Край Света,Edge of the World,yes,1,yes,1,
imported,192,Гора Эммонс,Mount Emmons (Colorado),yes,1,yes,1,
imported,629,Ущелье Такачихо,Takachiho Gorge,yes,1,yes,1,
imported,2449,Алжир,Algiers,yes,1,yes,1,
imported,2491,Гардая,Ghardaïa,yes,1,yes,1,
imported,2598,Ереван,Yerevan,yes,1,yes,1,
imported,2557,Зальцбург,Salzburg,yes,1,yes,1,
imported,2589,Вена,Vienna,yes,1,yes,1,
imported,2530,Мухаррак,Muharraq,yes,1,yes,1,
imported,2465,Бриджтаун,Bridgetown,yes,1,yes,1,
imported,2466,Брюссельский столичный регион,Brussels,yes,1,yes,1,
imported,1464,Город Бразилиа,Brasilia,yes,1,yes,1,
imported,2477,Сидади-Велья,Cidade Velha,yes,1,yes,1,
imported,2474,Чэндэ,Chengde,yes,1,yes,1,
imported,2520,Лицзян,Lijiang,yes,1,yes,1,
imported,2577,Сучжоу,Suzhou,yes,1,yes,1,
imported,2373,Гавана,Havana,yes,1,yes,1,
imported,2593,Виллемстад,Willemstad,yes,1,yes,1,
imported,2583,Тршебич,Trebíc,yes,1,yes,1,
imported,2471,Каир,Cairo,yes,1,yes,1,
imported,2578,Таллин,Tallinn,yes,1,yes,1,
imported,2467,Будапешт,Budapest,yes,1,yes,1,
imported,2483,Денпасар,Denpasar,yes,1,yes,1,
imported,2574,Суракарта,Surakarta,yes,1,yes,1,
imported,2508,Иерусалим,Jerusalem,yes,1,yes,1,
imported,2528,Момбаса,Mombasa,yes,1,yes,1,
imported,2552,Рига,Riga,yes,1,yes,1,
imported,2490,Гадамес,Ghadames,yes,1,yes,1,
imported,2590,Вильнюс,Vilnius,yes,1,yes,1,
imported,2485,Дженне,Djenné,yes,1,yes,1,
imported,1934,Исторический город Томбукту,Timbuktu,yes,1,yes,1,
imported,2537,Оахака,Oaxaca,yes,1,yes,1,
imported,2545,Пуэбла,Puebla,yes,1,yes,1,
imported,2549,Керетаро,Querétaro,yes,1,yes,1,
imported,2595,Сочимилько,Xochimilco,yes,1,yes,1,
imported,2599,Сакатекас,Zacatecas,yes,1,yes,1,
imported,2515,Котор,Kotor,yes,1,yes,1,
imported,2462,Бхактапур,Bhaktapur,yes,1,yes,1,
imported,2511,Катманду,Kathmandu,yes,1,yes,1,
imported,2450,Амстердам,Amsterdam,yes,1,yes,1,
imported,2546,Пюрмеренд,Purmerend,yes,1,yes,1,
imported,2445,Агадес,Agadez,yes,1,yes,1,
imported,2538,Охрид,Ohrid,yes,1,yes,1,
imported,2459,Берген,Bergen,yes,1,yes,1,
imported,2452,Арекипа,Arequipa,yes,1,yes,1,
imported,2521,Лима,Lima,yes,1,yes,1,
imported,2527,Миагао,Miagao,yes,1,yes,1,
imported,2516,Краков,Kraków,yes,1,yes,1,
imported,2582,Торунь,Torun,yes,1,yes,1,
imported,2592,Варшава,Warsaw,yes,1,yes,1,
imported,2600,Замосць,Zamosc,yes,1,yes,1,
imported,2498,Гимарайнш,Guimarães,yes,1,yes,1,
imported,2568,Синтра,Sintra,yes,1,yes,1,
imported,2451,Андон,Andong,yes,1,yes,1,
imported,2493,Кимхэ,Gimhae,yes,1,yes,1,
imported,2495,Конджу,Gongju,yes,1,yes,1,
imported,2499,Кванджу,Gwangju,yes,1,yes,1,
imported,2500,Кёнджу,Gyeongju,yes,1,yes,1,
imported,2507,Иксан,Iksan,yes,1,yes,1,
imported,2575,Сувон,Suwon,yes,1,yes,1,
imported,2596,Янсан,Yangsan,yes,1,yes,1,
imported,2597,Йонджу,Yeongju,yes,1,yes,1,
imported,2463,Бьертан,Biertan,yes,1,yes,1,
imported,2566,Сигишоара,Sighisoara,yes,1,yes,1,
imported,2481,Дакар,Dakar,yes,1,yes,1,
imported,2457,Бардеёв,Bardejov,yes,1,yes,1,
imported,2510,Карлскруна,Karlskrona,yes,1,yes,1,
imported,2591,Висбю,Visby,yes,1,yes,1,
imported,2461,Берн,Bern,yes,1,yes,1,
imported,2448,Алеппо,Aleppo,yes,1,yes,1,
imported,2482,Дамаск,Damascus,yes,1,yes,1,
imported,2235,Кайруан,Kairouan,yes,1,yes,1,
imported,2585,Тунис,Tunis,yes,1,yes,1,
imported,2468,Бурса (город),Bursa,yes,1,yes,1,
imported,2514,Конья,Konya,yes,1,yes,1,
imported,2378,Стамбул,Istanbul,yes,1,yes,1,
imported,2475,Черновцы,Chernivtsi,yes,1,yes,1,
imported,2517,Киев,Kyiv,yes,1,yes,1,
imported,2488,Фрай-Бентос,Fray Bentos,yes,1,yes,1,
imported,2513,Хива,Khiva,yes,1,yes,1,
imported,1096,Гималаи,Himalayas,yes,1,yes,1,
imported,1097,Каракорум (горная система),Karakoram,yes,1,yes,1,
imported,1094,Панджшерское ущелье,Panjshir Valley,yes,1,yes,1,
imported,1095,Регистан (пустыня),Registan Desert,yes,1,yes,1,
imported,855,Ваханский коридор,Wakhan Corridor,yes,1,yes,1,
imported,1101,Проклетие,Accursed Mountains,yes,1,yes,1,
imported,1405,Древний город Бутринт,Butrint,yes,1,yes,1,
imported,1099,Дешати,Deshat,yes,1,yes,1,
imported,1100,Динарское нагорье,Dinaric Alps,yes,1,yes,1,
imported,1103,Каньон Осуми,Osum Canyon,yes,1,yes,1,
imported,1106,Орес (горы),Aurès Mountains,yes,1,yes,1,
imported,1407,Древний город Джемила,Djémila,yes,1,yes,1,
imported,1109,Мзаб (долина),M'zab,yes,1,yes,1,
imported,1409,Древний город Тимгад,Timgad,yes,1,yes,1,
imported,1408,Древний город Типаса,Tipasa,yes,1,yes,1,
imported,1112,Валира (река),Gran Valira,yes,1,yes,1,
imported,991,Мадриу-Перафита-Кларор,Madriu-Perafita-Claror Valley,yes,1,yes,1,
imported,858,Провал Тундавала,Tundavala Gap,yes,1,yes,1,
imported,1123,Холм Богги,Boggy Peak,yes,1,yes,1,
imported,1121,Анды,Andes,yes,1,yes,1,
imported,1124,Пролив Дрейка,Drake Passage,yes,1,yes,1,
imported,993,Эстерос-дель-Ибера,Esteros del Iberá,yes,1,yes,1,
imported,672,Полуостров Вальдес,Península Valdés,yes,1,yes,1,
imported,859,Ущелье Гарни,Garni Gorge,yes,1,yes,1,
imported,1127,Яманота,Jamanota,yes,1,yes,1,
imported,1141,Изар,Isar,yes,1,yes,1,
imported,1134,Нафкопф,Naafkopf,yes,1,yes,1,
imported,1142,Зальцах,Salzach,yes,1,yes,1,
imported,1425,Железная дорога Земмеринг,Semmering Railway,yes,1,yes,1,
imported,1139,Вахау,Wachau,yes,1,yes,1,
imported,1140,Циллерталь,Zillertal,yes,1,yes,1,
imported,861,Острова Хавар,Hawar Islands,yes,1,yes,1,
imported,1147,Персидский залив,Persian Gulf,yes,1,yes,1,
imported,1146,Сахир (пустыня),Sakhir,yes,1,yes,1,
imported,1154,Арденны (горы),Ardennes,yes,1,yes,1,
imported,864,Высокие Фенны,High Fens,yes,1,yes,1,
imported,1155,Рейнские Сланцевые горы,Rhenish Massif,yes,1,yes,1,
imported,1156,Звин,Zwin,yes,1,yes,1,
imported,1158,Дойлс-Делайт,Doyle's Delight,yes,1,yes,1,
imported,1159,Атакора,Togo Mountains,yes,1,yes,1,
imported,838,Комплекс природоохранных зон В-Арли-Пенджари,W-Arly-Pendjari Complex,yes,1,yes,1,
imported,1164,Чокхор (долина),Bumthang Valley,yes,1,yes,1,
imported,1165,Ха-Чу,Ha Chhu,yes,1,yes,1,
imported,1166,Лянканг-Кангри,Liankang Kangri,yes,1,yes,1,
imported,867,Долина Пхобджикха,Phobjikha Valley,yes,1,yes,1,
imported,2387,Ла-Пас,La Paz,yes,2,yes,2,
imported,1171,Лебршник (гора),Lebršnik,yes,1,yes,1,
imported,1178,Бразильское плоскогорье,Brazilian Highlands,yes,1,yes,1,
imported,1176,Гуартела (каньон),Guartelá Canyon,yes,1,yes,1,
imported,2406,Итайпу,Itaipu Dam,yes,2,yes,2,
imported,1187,Дунай,Danube,yes,1,yes,1,
imported,1184,Калиакра,Kaliakra,yes,1,yes,1,
imported,1475,Мадарский всадник,Madara Rider,yes,1,yes,1,
imported,1181,Родопы,Rhodope Mountains,yes,1,yes,1,
imported,1186,Триградское ущелье,Trigrad Gorge,yes,1,yes,1,
imported,1485,Ангкор,Angkor,yes,1,yes,1,
imported,2364,Ангкор-Ват,Angkor Wat,yes,1,yes,1,
imported,877,Кардамоновы горы,Cardamom Mountains,yes,1,yes,1,
imported,1199,Краом,Phnom Krom,yes,1,yes,1,
imported,1198,Кулен (плато),Phnom Kulen,yes,1,yes,1,
imported,2388,Пномпень,Phnom Penh,yes,1,yes,1,
imported,839,Санга,Sangha Trinational,yes,1,yes,1,
imported,1002,Плато Эннеди,Ennedi Plateau,yes,1,yes,1,
imported,1120,Антилланка (комплекс вулканов),Antillanca Group,yes,1,yes,1,
imported,1119,Теревака,Terevaka,yes,1,yes,1,
imported,708,"Данься, Китай",China Danxia,yes,1,yes,1,
imported,1218,Дабашань,Daba Mountains,yes,1,yes,1,
imported,713,Фаньцзиншань,Fanjingshan,yes,1,yes,1,
imported,1532,Тулоу провинции Фуцзянь,Fujian Tulou,yes,1,yes,1,
imported,1526,Пещерные храмы Лунмэнь,Longmen Grottoes,yes,1,yes,1,
imported,1509,Пещеры Могао,Mogao Caves,yes,1,yes,1,
imported,1221,Тайваньский пролив,Taiwan Strait,yes,1,yes,1,
imported,1222,Такла-Макан,Taklamakan Desert,yes,1,yes,1,
imported,1540,Архитектурный комплекс китайских правителей «тусы»,Tusi Sites,yes,1,yes,1,
imported,1216,Иньшань,Yin Mountains,yes,1,yes,1,
imported,1528,Пещерные храмы Юньган,Yungang Grottoes,yes,1,yes,1,
imported,884,Долина Кокора,Cocora Valley,yes,1,yes,1,
imported,1231,Те-Манга,Te Manga,yes,1,yes,1,
imported,1233,Чиррипо-Гранде,Cerro Chirripó,yes,1,yes,1,
imported,1243,Гуантанамо (залив),Guantánamo Bay,yes,1,yes,1,
imported,1239,Туркино (пик),Pico Turquino,yes,1,yes,1,
imported,1237,Сьерра-Маэстра,Sierra Maestra,yes,1,yes,1,
imported,1006,Долина Виньялес,Vinales Valley,yes,1,yes,1,
imported,1241,Юкатанский пролив,Yucatán Channel,yes,1,yes,1,
imported,1240,Сапата (болото),Zapata Swamp,yes,1,yes,1,
imported,1567,Древний город Пафос,Paphos,yes,1,yes,1,
imported,1246,Педиеос,Pedieos,yes,1,yes,1,
imported,1229,Итомбве (горы),Itombwe Mountains,yes,1,yes,1,
imported,729,Мёнс Клинт,Møns Klint,yes,1,yes,1,
imported,728,Стевнс-Клинт,Stevns Klint,yes,1,yes,1,
imported,1250,Ардукоба,Ardoukoba,yes,1,yes,1,
imported,1251,Данакиль (пустыня),Danakil Desert,yes,1,yes,1,
imported,1253,Гаити (остров),Hispaniola,yes,1,yes,1,
imported,1255,Дуарте (гора),Pico Duarte,yes,1,yes,1,
imported,1256,Сангай (вулкан),Sangay,yes,1,yes,1,
imported,1601,Раннехристианские памятники в Абу-Мена,Abu Mena,yes,1,yes,1,
imported,1263,Биоко,Bioko,yes,1,yes,1,
imported,891,Пико-Басиле,Pico Basilé,yes,1,yes,1,
imported,1268,Набро,Nabro Volcano,yes,1,yes,1,
imported,1265,Рас-Дашэн,Ras Dashen,yes,1,yes,1,
imported,1607,Археологические памятники Тийа,Tiya,yes,1,yes,1,
imported,1273,Слаттаратиндур,Slættaratindur,yes,1,yes,1,
imported,1270,Стреймой,Streymoy,yes,1,yes,1,
imported,2390,Афины,Athens,yes,1,yes,1,
imported,1720,Остров Делос,Delos,yes,1,yes,1,
imported,1287,Эвбея,Euboea,yes,1,yes,1,
imported,1285,Корисия (озеро),Korission Lagoon,yes,1,yes,1,
imported,1284,Лефка-Ори,Lefka Ori,yes,1,yes,1,
imported,1290,Акатенанго,Acatenango,yes,1,yes,1,
imported,1730,Город Антигуа-Гватемала (Старая Гватемала),Antigua Guatemala,yes,1,yes,1,
imported,1291,Атитлан (вулкан),Volcán Atitlán,yes,1,yes,1,
imported,1299,Массиф-дю-Зиама,Ziama Massif,yes,1,yes,1,
imported,1300,Гвианское плоскогорье,Guiana Highlands,yes,1,yes,1,
imported,1304,Альпы,Alps,yes,1,yes,1,
imported,1305,Карпаты,Carpathian Mountains,yes,1,yes,1,
imported,1307,Тиса,Tisza,yes,1,yes,1,
imported,1308,Задьва,Zagyva,yes,1,yes,1,
imported,1306,Зенгё,Zengő,yes,1,yes,1,
imported,1310,Фаградальсфьядль,Fagradalsfjall,yes,1,yes,1,
imported,1309,Майлифедль,Mælifell,yes,1,yes,1,
imported,2372,Рейкьявик,Reykjavik,yes,1,yes,1,
imported,746,Суртсей,Surtsey,yes,1,yes,1,
imported,1750,Пещерные храмы в Аджанте,Ajanta Caves,yes,1,yes,1,
imported,906,Андаманские острова,Andaman Islands,yes,1,yes,1,
imported,1017,Долина Дзюкоу,Dzukou Valley,yes,1,yes,1,
imported,1751,Пещерные храмы на острове Элефанта,Elephanta Caves,yes,1,yes,1,
imported,1758,Древний город Фатехпур-Сикри,Fatehpur Sikri,yes,1,yes,1,
imported,1314,Канченджанга,Kangchenjunga,yes,1,yes,1,
imported,1318,Кашмирская долина,Kashmir Valley,yes,1,yes,1,
imported,2389,Мумбаи,Mumbai,yes,1,yes,1,
imported,1315,Памир,Pamir Mountains,yes,1,yes,1,
imported,1319,Спити,Spiti,yes,1,yes,1,
imported,1757,Мавзолей Тадж-Махал (город Агра),Taj Mahal,yes,1,yes,1,
imported,1316,Трисул,Trisul,yes,1,yes,1,
imported,752,Западные Гхаты,Western Ghats,yes,1,yes,1,
imported,1322,Гойройдонг,Geureudong,yes,1,yes,1,
imported,1327,Макасарский пролив,Makassar Strait,yes,1,yes,1,
imported,1321,Сёлавах-Агам,Seulawah Agam,yes,1,yes,1,
imported,1320,Сорикмарапи,Sorikmarapi,yes,1,yes,1,
imported,1326,Зондский пролив,Sunda Strait,yes,1,yes,1,
imported,1330,Тимор,Timor,yes,1,yes,1,
imported,1328,Арасбаран,Arasbaran,yes,1,yes,1,
imported,1329,Кергес,Karkas Mountains,yes,1,yes,1,
imported,1790,Археологический объект Бисотун,Bisotun,yes,1,yes,1,
imported,758,Пустыня Лут,Lut Desert,yes,1,yes,1,
imported,1787,Древний город Пасаргады,Pasargadae,yes,1,yes,1,
imported,1784,Древний город Персеполь,Persepolis,yes,1,yes,1,
imported,1788,Мавзолей Солтание (провинция Зинджан),Soltaniyeh,yes,1,yes,1,
imported,1800,Сузы,Susa,yes,1,yes,1,
imported,1786,Древний город Техте-Солейман,Takht-e Soleyman,yes,1,yes,1,
imported,1805,Транс-иранская железная дорога,Trans-Iranian Railway,yes,1,yes,1,
imported,1020,Горы Хавраман,Hawraman Mountains,yes,1,yes,1,
imported,1812,Вавилон,Babylon,yes,1,yes,1,
imported,1334,Шееха-Дар,Cheekha Dar,yes,1,yes,1,
imported,1341,Евфрат,Euphrates,yes,1,yes,1,
imported,1811,Древний город Хатра,Hatra,yes,1,yes,1,
imported,908,Месопотамские болота,Mesopotamian Marshes,yes,1,yes,1,
imported,1335,Синджар (горы),Sinjar Mountains,yes,1,yes,1,
imported,1343,Блэкстейрс,Blackstairs Mountains,yes,1,yes,1,
imported,1021,Гэп-оф-Данлоу,Gap of Dunloe,yes,1,yes,1,
imported,1344,Гленвей (национальный парк),Glenveagh,yes,1,yes,1,
imported,1342,Лугнакилла,Lugnaquilla,yes,1,yes,1,
imported,1022,Национальный парк Монти-Сибиллини,Monti Sibillini National Park,yes,1,yes,1,
imported,1355,Аварим,Abarim,yes,1,yes,1,
imported,1357,Пустыни Аравийского полуострова,Arabian Desert,yes,1,yes,1,
imported,1358,Иорданская долина,Jordan Valley,yes,1,yes,1,
imported,1893,Древний город Петра,Petra,yes,1,yes,1,
imported,1027,Вади-Муджиб,Wadi Mujib,yes,1,yes,1,
imported,1365,Алма-Арасан (ущелье),Alma-Arasan,yes,1,yes,1,
imported,1363,Джунгарский Алатау,Dzungarian Alatau,yes,1,yes,1,
imported,1364,Мойынкум,Moiynkum Desert,yes,1,yes,1,
imported,1361,Устюрт,Ustyurt Plateau,yes,1,yes,1,
imported,849,Западный Тянь-Шань,Western Tien-Shan,yes,1,yes,1,
imported,916,Каньон Ругово,Rugova Canyon,yes,1,yes,1,
imported,1377,Боомское ущелье,Boom Gorge,yes,1,yes,1,
imported,1375,Чуйская долина,Chüy Valley,yes,1,yes,1,
imported,1376,Пик Победы,Jengish Chokusu,yes,1,yes,1,
imported,1378,Карадарья,Kara Darya,yes,1,yes,1,
imported,1381,Чыонгшон,Annamite Range,yes,1,yes,1,
imported,1380,Пхубиа,Phou Bia,yes,1,yes,1,
imported,1384,Западная Двина,Daugava,yes,1,yes,1,
imported,1914,Древний город Баальбек,Baalbek,yes,1,yes,1,
imported,2380,Бейрут,Beirut,yes,2,yes,2,
imported,1383,Долина Бекаа,Beqaa Valley,yes,1,yes,1,
imported,1915,Древний город Библ (Джубейль),Byblos,yes,1,yes,1,
imported,1388,Монт-о-Сурс,Mont-Aux-Sources,yes,1,yes,1,
imported,850,Малоти-Дракенсберг,Maloti-Drakensberg Park,yes,1,yes,1,
imported,921,Горы Акакус,Acacus Mountains,yes,1,yes,1,
imported,1396,Идехан-Марзук,Murzuq Desert,yes,1,yes,1,
imported,1391,Тибести,Tibesti Mountains,yes,1,yes,1,
imported,1390,Вади-Метхандуш,Wadi Mathendous,yes,1,yes,1,
imported,1399,Драй-Швестерн,Drei Schwestern,yes,1,yes,1,
imported,1397,Восточные Альпы,Eastern Alps,yes,1,yes,1,
imported,1398,Фалькнис,Falknis,yes,1,yes,1,
imported,1401,Гампринер-Зеле,Gampriner Seele,yes,1,yes,1,
imported,1400,Рейн,Rhine,yes,1,yes,1,
imported,1039,Муландже (массив),Mulanje Massif,yes,1,yes,1,
imported,2395,Куала-Лумпур,Kuala Lumpur,yes,2,yes,2,
imported,925,Перхентианские острова,Perhentian Islands,yes,1,yes,1,
imported,927,Структура Ришат,Richat Structure,yes,1,yes,1,
imported,1941,Ааправаси-Гхат – иммиграционный терминал (город Порт-Луи),Aapravasi Ghat,yes,1,yes,1,
imported,776,Биосферный резерват Сиан-Каан,Sian Ka'an,yes,1,yes,1,
imported,2391,Касабланка,Casablanca,yes,1,yes,1,
imported,1044,Эрг-Шигага,Erg Chigaga,yes,1,yes,1,
imported,1045,Ущелье Тодра,Todra Gorge,yes,1,yes,1,
imported,931,Архипелаг Базаруто,Bazaruto Archipelago,yes,1,yes,1,
imported,1193,Ракхайн (хребет),Arakan Mountains,yes,1,yes,1,
imported,1987,Баган,Bagan,yes,1,yes,1,
imported,934,Архипелаг Мергуи,Mergui Archipelago,yes,1,yes,1,
imported,935,Солончак Этоша,Etosha Pan,yes,1,yes,1,
imported,936,Лагуна Буада,Buada Lagoon,yes,1,yes,1,
imported,1989,Долина Катманду,Kathmandu Valley,yes,1,yes,1,
imported,1223,Пролив Кука,Cook Strait,yes,1,yes,1,
imported,938,Вулкан Масая,Masaya Volcano,yes,1,yes,1,
imported,939,Горы Аир,Aïr Mountains,yes,1,yes,1,
imported,940,Массив Термит,Termit Massif,yes,1,yes,1,
imported,1053,Национальный парк Кросс-Ривер,Cross River National Park,yes,1,yes,1,
imported,942,Плато Обуду,Obudu Plateau,yes,1,yes,1,
imported,2007,Старый портовый квартал Брюгген (город Берген),Bryggen,yes,1,yes,1,
imported,1351,Галлхёпигген,Galdhøpiggen,yes,1,yes,1,
imported,1055,Джебель-Шамс,Jebel Shams,yes,1,yes,1,
imported,1056,Вади-Бани-Халид,Wadi Bani Khalid,yes,1,yes,1,
imported,945,Долина Хунза,Hunza Valley,yes,1,yes,1,
imported,2017,Древний город Таксила,Taxila,yes,1,yes,1,
imported,1281,Хевронское нагорье,Hebron Hills,yes,1,yes,1,
imported,947,Вади-Кельт,Wadi Qelt,yes,1,yes,1,
imported,1058,Фьорды Туфи,Tufi Fjords,yes,1,yes,1,
imported,2381,Шэньчжэнь,Shenzhen,yes,1,yes,1,
imported,2366,Мачу-Пикчу,Machu Picchu,yes,2,yes,2,
imported,1247,Доггер-банка,Dogger Bank,yes,1,yes,1,
imported,1249,Лим-фьорд,Limfjord,yes,1,yes,1,
imported,1254,Зеландия (остров),Zealand,yes,1,yes,1,
imported,1225,Ла-Грилле,La Grille,yes,1,yes,1,
imported,1224,Мозамбикский пролив,Mozambique Channel,yes,1,yes,1,
imported,2394,Доха,Doha,yes,2,yes,2,
imported,2080,Тумулусы Каи,Gaya Tumuli,yes,1,yes,1,
imported,2071,Крепость Хвасон (город Сувон),Hwaseong Fortress,yes,1,yes,1,
imported,2076,Намхансансон,Namhansanseong,yes,1,yes,1,
imported,797,Дельта Дуная,Danube Delta,yes,1,yes,1,
imported,955,Рифы Тобаго-Кейс,Tobago Cays,yes,1,yes,1,
imported,956,Блоухолы Алофаага,Alofaaga Blowholes,yes,1,yes,1,
imported,957,Гора Титано,Monte Titano,yes,1,yes,1,
imported,1068,Кратер Аль-Вахба,Al Wahbah Crater,yes,1,yes,1,
imported,1067,Эль-Асир (горная цепь),Asir Mountains,yes,1,yes,1,
imported,958,Фарасанские острова,Farasan Islands,yes,1,yes,1,
imported,2122,Дельта Салума,Saloum Delta,yes,1,yes,1,
imported,808,Атолл Альдабра,Aldabra Atoll,yes,1,yes,1,
imported,2131,Историческая деревня Влколинец,Vlkolínec,yes,1,yes,1,
imported,809,Восточная часть острова Реннелл,East Rennell,yes,1,yes,1,
imported,961,Лагуна Марово,Marovo Lagoon,yes,1,yes,1,
imported,2379,Дурбан,Durban,yes,2,yes,2,
imported,811,Астроблема Вредефорт,Vredefort Dome,yes,1,yes,1,
imported,1372,Корейский пролив,Korea Strait,yes,1,yes,1,
imported,2383,Сеул,Seoul,yes,1,yes,1,
imported,1077,Природный парк Кабо-де-Гата-Нихар,Cabo de Gata-Níjar Natural Park,yes,1,yes,1,
imported,968,Пустыня Байуда,Bayuda Desert,yes,1,yes,1,
imported,2200,Железоделательный завод Энгельсберг,Engelsberg Ironworks,yes,1,yes,1,
imported,2202,Скугсчюркогорден – «Лесное кладбише» в Стокгольме,Skogskyrkogården,yes,1,yes,1,
imported,971,Фанские горы,Fann Mountains,yes,1,yes,1,
imported,2371,Бангкок,Bangkok,yes,1,yes,1,
imported,1084,Национальный парк Фазао-Мальфакасса,Fazao-Malfakassa National Park,yes,1,yes,1,
imported,1110,Атафу,Atafu,yes,1,yes,1,
imported,2254,Афродизиас,Aphrodisias,yes,1,yes,1,
imported,2247,Эфес,Ephesus,yes,1,yes,1,
imported,2255,Гёбекли-Тепе,Göbekli Tepe,yes,1,yes,1,
imported,2257,Гордион,Gordion,yes,1,yes,1,
imported,2367,Собор Святой Софии,Hagia Sophia,yes,1,yes,1,
imported,975,Каньон Янгыкала,Yangykala Canyon,yes,1,yes,1,
imported,978,Олешковские пески,Oleshky Sands,yes,1,yes,1,
imported,979,Джебель-Джаис,Jebel Jais,yes,1,yes,1,
imported,1090,Дикая территория Маунт-Бейкер,Mount Baker Wilderness,yes,1,yes,1,
imported,983,Кабо-Полонио,Cabo Polonio,yes,1,yes,1,
imported,2315,"Ичан-Кала (Внутренняя крепость), город Хива",Itchan Kala,yes,1,yes,1,
imported,984,Горы Нуратау,Nuratau Mountains,yes,1,yes,1,
imported,985,Ватиканские сады,Vatican Gardens,yes,1,yes,1,
imported,180,Крэдл-Маунтин,Cradle Mountain,yes,1,yes,1,
imported,471,Розовое озеро Хатт-Лагун,Hutt Lagoon,yes,1,yes,1,
imported,40,Озеро Маккензи,Lake McKenzie (Queensland),yes,1,yes,1,
imported,102,Бухта Шарк-Бей,Shark Bay,yes,1,yes,1,
imported,310,Симпсон,Simpson Desert,yes,1,yes,1,
imported,314,Танами,Tanami Desert,yes,1,yes,1,
imported,110,Скала Улуру,Uluru,yes,1,yes,1,
imported,473,Каменная волна,Wave Rock,yes,1,yes,1,
imported,25,Пляж Уайтхейвен,Whitehaven Beach,yes,1,yes,1,
imported,398,Айсрайзенвельт,Eisriesenwelt,yes,1,yes,1,
imported,516,Гросглоккнер,Grossglockner,yes,1,yes,1,
imported,80,Криммльский водопад,Krimml Waterfalls,yes,1,yes,1,
imported,240,Шервудский лес,Sherwood Forest,yes,1,yes,1,
imported,137,Массив Винсон,Vinson Massif,yes,1,yes,1,
imported,116,Аконкагуа,Aconcagua,yes,1,yes,1,
imported,325,Патагонская пустыня,Patagonian Desert,yes,1,yes,1,
imported,308,Салар-де-Арисаро,Salar de Arizaro,yes,1,yes,1,
imported,592,Гора Серро-Торре,Cerro Torre,yes,1,yes,1,
imported,129,Серро-Фицрой,Fitz Roy,yes,1,yes,1,
imported,555,Белоградчикские скалы,Belogradchik Rocks,yes,1,yes,1,
imported,56,Лагуна Колорада,Laguna Colorada,yes,1,yes,1,
imported,221,Дельта Окаванго,Okavango Delta,yes,1,yes,1,
imported,309,Калахари,Kalahari Desert,yes,1,yes,1,
imported,228,Атлантический лес Пау-Бразил,Atlantic Forest,yes,1,yes,1,
imported,508,Дердл-Дор,Durdle Door,yes,1,yes,1,
imported,107,Гора Фансипан,Fansipan,yes,1,yes,1,
imported,362,Пакайя,Pacaya,yes,1,yes,1,
imported,603,Семук-Чампей,Semuc Champey,yes,1,yes,1,
imported,189,Орлиная скала Бастай,Bastei,yes,1,yes,1,
imported,206,Шварцвальд,Black Forest,yes,1,yes,1,
imported,550,Озеро Айбзе,Eibsee,yes,1,yes,1,
imported,549,Озеро Кёнигсзе,Königssee,yes,1,yes,1,
imported,548,Ущелье Партнахкламм,Partnach Gorge,yes,1,yes,1,
imported,403,Илулиссат-Исфьорд,Ilulissat Icefjord,yes,1,yes,1,
imported,297,Метеоры,Meteora,yes,1,yes,1,
imported,21,Пляж Навагио (Закинф),Navagio,yes,1,yes,1,
imported,31,Остров Парос,Paros,yes,1,yes,1,
imported,316,Викос-каньон,Vikos Gorge,yes,1,yes,1,
imported,315,Самария (ущелье),Samaria Gorge,yes,1,yes,1,
imported,151,Большой Кавказ,Greater Caucasus,yes,1,yes,1,
imported,271,Лес Конго-Базин,Congolian rainforests,yes,1,yes,1,
imported,330,Сахаро-Аравийский Махтеш-Рамон,Makhtesh Ramon,yes,1,yes,1,
imported,304,Масада,Masada,yes,1,yes,1,
imported,17,Мёртвое море,Dead Sea,yes,1,yes,1,
imported,419,Пещеры Эллоры,Ellora Caves,yes,1,yes,1,
imported,163,Нанда-Деви,Nanda Devi,yes,1,yes,1,
imported,526,Озеро Пангонг,Pangong Tso,yes,1,yes,1,
imported,229,Сундарбан,Sundarbans,yes,1,yes,1,
imported,290,Пустыня Тар,Thar Desert,yes,1,yes,1,
imported,356,Иджен (синий огонь),Ijen,yes,1,yes,1,
imported,574,Озеро Кавах Путих,Kawah Putih,yes,1,yes,1,
imported,336,Кракатау,Krakatoa,yes,1,yes,1,
imported,368,Семеру,Semeru,yes,1,yes,1,
imported,255,Танджунг-Путинг,Tanjung Puting,yes,1,yes,1,
imported,430,Водопад Тумпак-Севу,Tumpak Sewu,yes,1,yes,1,
imported,280,Вади-Рам (Лунная долина),Wadi Rum,yes,1,yes,1,
imported,561,Бадаб-е Сурт,Badab-e Surt,yes,1,yes,1,
imported,666,Остров Скеллиг-Майкл,Skellig Michael,yes,1,yes,1,
imported,665,Утёсы Слив-Лиг,Slieve League,yes,1,yes,1,
imported,669,Водопад Альдейярфосс,Aldeyjarfoss,yes,1,yes,1,
imported,530,Вулкан Аскья,Askja,yes,1,yes,1,
imported,41,Водопад Деттифосс,Dettifoss,yes,1,yes,1,
imported,640,Скала Дирхолаэй,Dyrhólaey,yes,1,yes,1,
imported,343,Эйяфьядлайёкюдль,Eyjafjallajökull,yes,1,yes,1,
imported,434,Каньон Фьядрарглюфюр,Fjaðrárgljúfur,yes,1,yes,1,
imported,357,Гейсир,Geysir,yes,1,yes,1,
imported,61,Водопад Гoдафосс,Goðafoss,yes,1,yes,1,
imported,97,Водопад Гюдльфосс,Gullfoss,yes,1,yes,1,
imported,380,Гекла,Hekla,yes,1,yes,1,
imported,668,Водопад Хенгифосс,Hengifoss,yes,1,yes,1,
imported,667,Водопад Хрёйнфоссар,Hraunfossar,yes,1,yes,1,
imported,426,Скала Хвитсеркюр,Hvítserkur,yes,1,yes,1,
imported,417,Ледник Бирюзовая лагуна (Йёкюльсаурлоун),Jökulsárlón,yes,1,yes,1,
imported,485,Гора Киркьюфетль,Kirkjufell,yes,1,yes,1,
imported,509,Ландманналаугар,Landmannalaugar,yes,1,yes,1,
imported,79,Сельяландсфосс,Seljalandsfoss,yes,1,yes,1,
imported,406,Скафтафедль (ледяные пещеры),Skaftafell,yes,1,yes,1,
imported,78,Водопад Скогафосс,Skógafoss,yes,1,yes,1,
imported,175,Снайфедльсйёкюдль,Snæfellsjökull,yes,1,yes,1,
imported,639,Водопад Свартифосс,Svartifoss,yes,1,yes,1,
imported,385,Ватнайёкюдль — ледяные пещеры,Vatnajökull,yes,1,yes,1,
imported,534,Барденас-Реалес,Bardenas Reales,yes,1,yes,1,
imported,535,Скала Роке-Нубло,Roque Nublo,yes,1,yes,1,
imported,69,Остров Лансароте,Lanzarote,yes,1,yes,1,
imported,18,Побережье Амальфи,Amalfi Coast,yes,1,yes,1,
imported,28,Остров Капри,Capri,yes,1,yes,1,
imported,246,Чинкве-Терре,Cinque Terre,yes,1,yes,1,
imported,112,Доломитовые Альпы,Dolomites,yes,1,yes,1,
imported,541,Грот Поэзии,Grotta della Poesia,yes,1,yes,1,
imported,355,Стромболи,Stromboli,yes,1,yes,1,
imported,88,Лагуна Венеции,Venetian Lagoon,yes,1,yes,1,
imported,103,Остров Сокотра — бухта Шуаб,Socotra,yes,1,yes,1,
imported,302,Чарынский каньон,Charyn Canyon,yes,1,yes,1,
imported,495,Ледник Атабаска,Athabasca Glacier,yes,1,yes,1,
imported,498,Скалы Хоупвелл,Hopewell Rocks,yes,1,yes,1,
imported,496,Озера Джоффри,Joffre Lakes,yes,1,yes,1,
imported,497,Каньон Джонстон,Johnston Canyon,yes,1,yes,1,
imported,101,Реверсивные водопады,Reversing Falls,yes,1,yes,1,
imported,212,Масаи-Мара,Maasai Mara,yes,1,yes,1,
imported,120,Гора Хуаншань,Huangshan,yes,1,yes,1,
imported,45,Изумрудные озёра Цзючжайгоу,Jiuzhaigou,yes,1,yes,1,
imported,162,Шишапангма,Shishapangma,yes,1,yes,1,
imported,268,Лесопарк Чжанцзяцзе южная,Wulingyuan,yes,1,yes,1,
imported,152,Пик Виктория,Victoria Peak,yes,1,yes,1,
imported,303,Каньон Ярлунг-Цангпо,Yarlung Tsangpo Grand Canyon,yes,1,yes,1,
imported,59,Каньо-Кристалес,Caño Cristales,yes,1,yes,1,
imported,345,Ареналь,Arenal Volcano,yes,1,yes,1,
imported,378,Картаго / Поас,Poás Volcano,yes,1,yes,1,
imported,60,Озеро Иссык-Куль,Issyk-Kul,yes,1,yes,1,
imported,183,Хан-Тенгри,Khan Tengri,yes,1,yes,1,
imported,125,Тянь-Шань,Tian Shan,yes,1,yes,1,
imported,139,Пик Ленина,Lenin Peak,yes,1,yes,1,
imported,560,Джейта-Гротто,Jeita Grotto,yes,1,yes,1,
imported,637,Долина Кадиша,Kadisha Valley,yes,1,yes,1,
imported,390,Пещеры Бату,Batu Caves,yes,1,yes,1,
imported,236,Парк Кинабалу (Борнео),Kinabalu Park,yes,1,yes,1,
imported,95,Остров Сипадан,Sipadan,yes,1,yes,1,
imported,260,Лес Таман-Негара,Taman Negara,yes,1,yes,1,
imported,333,Дюны Эрг-Шебби,Erg Chebbi,yes,1,yes,1,
imported,150,Гора Тубкаль,Toubkal,yes,1,yes,1,
imported,332,Барранкас-дель-Кобре,Copper Canyon,yes,1,yes,1,
imported,483,Розовые озера Лас-Колорадас,Las Coloradas,yes,1,yes,1,
imported,2605,Вулкан Парикутин,Parícutin,yes,2,yes,2,
imported,350,Попокатепетль,Popocatépetl,yes,1,yes,1,
imported,331,Каньон Сумидеро,Sumidero Canyon,yes,1,yes,1,
imported,282,Гоби,Gobi Desert,yes,1,yes,1,
imported,295,Дедвлей,Deadvlei,yes,1,yes,1,
imported,277,Намиб,Namib,yes,1,yes,1,
imported,55,Берег Скелетов,Skeleton Coast,yes,1,yes,1,
imported,447,Соссусфлей,Sossusvlei,yes,1,yes,1,
imported,448,Шпицкоппе,Spitzkoppe,yes,1,yes,1,
imported,161,Дхаулагири,Dhaulagiri,yes,1,yes,1,
imported,577,Озёра Гокио,Gokyo Lakes,yes,1,yes,1,
imported,159,Манаслу,Manaslu,yes,1,yes,1,
imported,160,Чо-Ойю,Cho Oyu,yes,1,yes,1,
imported,141,Лхоцзе,Lhotse,yes,1,yes,1,
imported,476,Бухта Кафедрал-Ков,Cathedral Cove,yes,1,yes,1,
imported,583,Бассейн с шампанским,Champagne Pool,yes,1,yes,1,
imported,389,Ледник Фокс,Fox Glacier,yes,1,yes,1,
imported,475,Ущелье Хокитика,Hokitika Gorge,yes,1,yes,1,
imported,42,Озеро Мэтисон,Lake Matheson,yes,1,yes,1,
imported,6,Милфорд-Саунд,Milford Sound,yes,1,yes,1,
imported,488,Валуны Моераки,Moeraki Boulders,yes,1,yes,1,
imported,182,Маунт-Аспайринг,Mount Aspiring / Tititea,yes,1,yes,1,
imported,651,Блинные скалы Пунакайки,Pancake Rocks,yes,1,yes,1,
imported,35,Гейрангер-фьорд,Geirangerfjord,yes,1,yes,1,
imported,65,Хардангер-фьорд,Hardangerfjord,yes,1,yes,1,
imported,191,Утёсы Прейкестулен — Кьераг,Kjerag,yes,1,yes,1,
imported,442,Кьерагболтен,Kjeragbolten,yes,1,yes,1,
imported,67,Лофотенские острова,Lofoten,yes,1,yes,1,
imported,647,Озеро Ловатнет,Lovatnet,yes,1,yes,1,
imported,66,Люсе-фьорд,Lysefjord,yes,1,yes,1,
imported,36,Нерёй-фьорд,Nærøyfjord,yes,1,yes,1,
imported,124,Прекестулен,Preikestolen,yes,1,yes,1,
imported,64,Согне-фьорд,Sognefjord,yes,1,yes,1,
imported,649,Остров Соммарой,Sommarøy,yes,1,yes,1,
imported,127,Язык Тролля,Trolltunga,yes,1,yes,1,
imported,510,Водопад Вёрингсфоссен,Vøringsfossen,yes,1,yes,1,
imported,451,Впадина Бимма,Bimmah Sinkhole,yes,1,yes,1,
imported,158,Нанга-Парбат,Nanga Parbat,yes,1,yes,1,
imported,164,Гашербрум II,Gasherbrum II,yes,1,yes,1,
imported,658,Скалистые острова,Rock Islands,yes,1,yes,1,
imported,287,Каньон Колка,Colca Canyon,yes,1,yes,1,
imported,130,Уайна-Пикчу,Huayna Picchu,yes,1,yes,1,
imported,324,Сечура,Sechura Desert,yes,1,yes,1,
imported,425,Радужные горы,Vinicunca,yes,1,yes,1,
imported,230,Кривой лес,Crooked Forest,yes,1,yes,1,
imported,216,Беловежская пуща,Białowieża Forest,yes,1,yes,1,
imported,440,Понта-да-Пьедаде,Ponta da Piedade,yes,1,yes,1,
imported,262,Парк Синтра,Sintra-Cascais Natural Park,yes,1,yes,1,
imported,372,Авачинский,Avachinsky,yes,1,yes,1,
imported,138,Гора Белуха,Belukha Mountain,yes,1,yes,1,
imported,233,Камчатские леса,Kamchatka Peninsula,yes,1,yes,1,
imported,354,Ключевская Сопка,Klyuchevskaya Sopka,yes,1,yes,1,
imported,155,Ленские столбы,Lena Pillars,yes,1,yes,1,
imported,359,Мутновский,Mutnovsky,yes,1,yes,1,
imported,361,Шивелуч,Shiveluch,yes,1,yes,1,
imported,247,Сихотэ-Алинь,Sikhote-Alin,yes,1,yes,1,
imported,219,Сибирская тайга — Енисейская,Taiga,yes,1,yes,1,
imported,373,Толбачик,Tolbachik,yes,1,yes,1,
imported,83,Каспийское море,Caspian Sea,yes,1,yes,1,
imported,267,Куршская коса,Curonian Spit,yes,1,yes,1,
imported,149,Алтайские горы,Altai Mountains,yes,1,yes,1,
imported,275,Сахара,Sahara,yes,1,yes,1,
imported,157,Дорога гигантов,Giant's Causeway,yes,1,yes,1,
imported,27,Сейшелы — Ла-Диг,La Digue,yes,1,yes,1,
imported,553,Ущелье Винтгар,Vintgar Gorge,yes,1,yes,1,
imported,278,Каньон Антилопы,Antelope Canyon,yes,1,yes,1,
imported,610,Ледяные пещеры островов Апосл,Apostle Islands Ice Caves,yes,1,yes,1,
imported,589,Впадина Бэдуотер,Badwater Basin,yes,1,yes,1,
imported,281,Долина Смерти,Death Valley,yes,1,yes,1,
imported,493,Изящная арка,Delicate Arch,yes,1,yes,1,
imported,117,Денали (Мак-Кинли),Denali,yes,1,yes,1,
imported,131,Башня Дьявола,Devils Tower,yes,1,yes,1,
imported,360,Гейзер Флай,Fly Geyser,yes,1,yes,1,
imported,273,Гранд-Каньон,Grand Canyon,yes,1,yes,1,
imported,136,Хаф-Доум,Half Dome,yes,1,yes,1,
imported,410,Сонорские пещеры,Kartchner Caverns State Park,yes,1,yes,1,
imported,607,Лурейские пещеры,Luray Caverns,yes,1,yes,1,
imported,294,Мохаве,Mojave Desert,yes,1,yes,1,
imported,279,Долина Монументов,Monument Valley,yes,1,yes,1,
imported,319,Ройал-Гордж,Royal Gorge,yes,1,yes,1,
imported,494,Кальдера Йеллоустона,Yellowstone Caldera,yes,1,yes,1,
imported,491,Долина Йосемити,Yosemite Valley,yes,1,yes,1,
imported,394,Ледник Менденхолл,Mendenhall Glacier,yes,1,yes,1,
imported,340,Килауэа,Kīlauea,yes,1,yes,1,
imported,371,Мауна-Кеа,Mauna Kea,yes,1,yes,1,
imported,341,Мауна-Лоа,Mauna Loa,yes,1,yes,1,
imported,404,Ледник Хаббард,Hubbard Glacier,yes,1,yes,1,
imported,634,Озеро Искандеркуль,Iskanderkul,yes,1,yes,1,
imported,226,Парк Дои-Интханон,Doi Inthanon,yes,1,yes,1,
imported,86,Острова Симилан,Similan Islands,yes,1,yes,1,
imported,293,Каракумы,Karakum Desert,yes,1,yes,1,
imported,305,Каппадокия,Cappadocia,yes,1,yes,1,
imported,232,Долины Гёреме (Каппадокия),Göreme,yes,1,yes,1,
imported,342,Террасы Памуккале,Pamukkale,yes,1,yes,1,
imported,614,Горы Рувензори,Rwenzori Mountains,yes,1,yes,1,
imported,311,Кызылкум,Kyzylkum Desert,yes,1,yes,1,
imported,177,Сноудон,Snowdon,yes,1,yes,1,
imported,642,Скала Дрангарнир,Drangarnir,yes,1,yes,1,
imported,455,Шоколадные холмы,Chocolate Hills,yes,1,yes,1,
imported,348,Майон,Mayon,yes,1,yes,1,
imported,5,Архипелаг Палаван,Palawan,yes,1,yes,1,
imported,547,Камарг,Camargue,yes,1,yes,1,
imported,401,Гуфр-де-Падирак,Gouffre de Padirac,yes,1,yes,1,
imported,411,Пещера Ласко,Lascaux,yes,1,yes,1,
imported,239,Брокелианд,Paimpont forest,yes,1,yes,1,
imported,298,Каньон Вердон,Verdon Gorge,yes,1,yes,1,
imported,143,Дант-дю-Жеан,Dent du Géant,yes,1,yes,1,
imported,115,Монблан,Mont Blanc,yes,1,yes,1,
imported,19,Бора-Бора,Bora Bora,yes,1,yes,1,
imported,660,Гора Отеману,Mount Otemanu,yes,1,yes,1,
imported,257,Дурмитор,Durmitor,yes,1,yes,1,
imported,276,Атакама,Atacama Desert,yes,1,yes,1,
imported,358,Эль-Татио,El Tatio,yes,1,yes,1,
imported,501,Ледник Грей,Grey Glacier,yes,1,yes,1,
imported,543,Аарское ущелье,Aare Gorge,yes,1,yes,1,
imported,391,Алечский ледник,Aletsch Glacier,yes,1,yes,1,
imported,186,Пик Дюфур,Dufourspitze,yes,1,yes,1,
imported,142,Эйгер,Eiger,yes,1,yes,1,
imported,178,Юнгфрау,Jungfrau,yes,1,yes,1,
imported,542,Перевал Юнгфрауйох,Jungfraujoch,yes,1,yes,1,
imported,113,Маттерхорн,Matterhorn,yes,1,yes,1,
imported,176,Бен-Невис,Ben Nevis,yes,1,yes,1,
imported,37,Лох-Несс,Loch Ness,yes,1,yes,1,
imported,531,Мыс Нейст-Пойнт,Neist Point,yes,1,yes,1,
imported,154,Адамов пик,Adam's Peak,yes,1,yes,1,
imported,168,Чимборасо,Chimborazo,yes,1,yes,1,
imported,344,Котопахи,Cotopaxi,yes,1,yes,1,
imported,8,Галапагосские острова,Galápagos Islands,yes,1,yes,1,
imported,288,Впадина Данакиль,Danakil Depression,yes,1,yes,1,
imported,335,Эрта Але — поле,Erta Ale,yes,1,yes,1,
imported,615,Симиенские горы,Simien Mountains,yes,1,yes,1,
imported,409,Соф-Омар,Sof Omar Caves,yes,1,yes,1,
imported,307,Афарская котловина,Afar Triangle,yes,1,yes,1,
imported,412,Стеркфонтейн,Sterkfontein,yes,1,yes,1,
imported,106,Столовая гора,Table Mountain,yes,1,yes,1,
imported,146,Дракенсберг,Drakensberg,yes,1,yes,1,
imported,242,Аокигахара,Aokigahara,yes,1,yes,1,
imported,376,Сакурадзима,Sakurajima,yes,1,yes,1,
imported,241,Якусима,Yakushima,yes,1,yes,1,
imported,1102,Логара (национальный парк),Llogara National Park,yes,1,yes,1,
imported,992,Розовый пляж Барбуды,Barbuda Pink Sand Beach,yes,1,yes,1,
imported,1117,Бассов пролив,Bass Strait,yes,1,yes,1,
imported,1136,Карпентария,Gulf of Carpentaria,yes,1,yes,1,
imported,1423,Культурный ландшафт Муруджуга,Murujuga Cultural Landscape,yes,1,yes,1,
imported,1118,Торресов пролив,Torres Strait,yes,1,yes,1,
imported,1152,Бенгальский залив,Bay of Bengal,yes,1,yes,1,
imported,2343,Колокольни городов Бельгии и Франции,Belfries of Belgium and France,yes,1,yes,1,
imported,2571,Сент-Джордж,St George,yes,1,yes,1,
imported,871,Заповедник Центральная Калахари,Central Kalahari Game Reserve,yes,1,yes,1,
imported,2484,Диамантина,Diamantina,yes,1,yes,1,
imported,694,Парки Канадских Скалистых гор,Canadian Rocky Mountain Parks,yes,1,yes,1,
imported,2522,Луненберг,Lunenburg,yes,1,yes,1,
imported,2547,Квебек,Quebec,yes,1,yes,1,
imported,1209,Мпоко,Mpoko River,yes,1,yes,1,
imported,2524,Макао,Macao,yes,1,yes,1,
imported,2473,Картахена,Cartagena,yes,1,yes,1,
imported,1552,Кофейный культурный ландшафт Колумбии,Coffee Cultural Landscape of Colombia,yes,1,yes,1,
imported,2584,Тринидад,Trinidad,yes,1,yes,1,
imported,2480,Куэнка,Cuenca,yes,1,yes,1,
imported,1258,"Исабела (остров, Галапагос)",Isabela Island (Galápagos),yes,1,yes,1,
imported,1009,Ясуни,Yasuní National Park,yes,1,yes,1,
imported,2550,Раума,Rauma,yes,1,yes,1,
imported,738,Французские Южные территории и моря,French Austral Lands and Seas,yes,1,yes,1,
imported,2531,Нанси,Nancy,yes,1,yes,1,
imported,1643,"Дороги во Франции, ведущие в Сантьяго-де-Компостела",Routes of Santiago de Compostela in France,yes,1,yes,1,
imported,1279,Огове,Ogooué River,yes,1,yes,1,
imported,1665,Верхняя Сванетия,Upper Svaneti,yes,1,yes,1,
imported,2476,Хора острова Патмос,Chorá of Patmos,yes,1,yes,1,
imported,2551,Родос,Rhodes,yes,1,yes,1,
imported,1302,Куюни,Cuyuní River,yes,1,yes,1,
imported,1734,Ватикан – район Рима,Vatican City,yes,1,yes,1,
imported,1843,Резиденции королевского Савойского дома (Турин и окрестности),Residences of the Royal House of Savoy,yes,1,yes,1,
imported,1350,Тунисский пролив,Strait of Sicily,yes,1,yes,1,
imported,1149,Вулькано,Vulcano,yes,1,yes,1,
imported,2532,Нара,Nara,yes,1,yes,1,
imported,2586,Туркестан,Turkistan,yes,1,yes,1,
imported,2489,Джорджтаун,George Town,yes,1,yes,1,
imported,2525,Малакка,Melaka,yes,1,yes,1,
imported,2472,Кампече,Campeche,yes,1,yes,1,
imported,2519,Лалитпур (Патан),Lalitpur (Patan),yes,1,yes,1,
imported,1052,Ометепе,Ometepe Island,yes,1,yes,1,
imported,2553,Рёрус,Roros,yes,1,yes,1,
imported,2542,Панама,Panama,yes,1,yes,1,
imported,2039,Исторический центр Варшавы,Historic Centre of Warsaw,yes,1,yes,1,
imported,2504,Хвасун,Hwasun County,yes,1,yes,1,
imported,1066,Савайи,Savai'i Lava Fields,yes,1,yes,1,
imported,2554,Сен-Луи,Saint-Louis,yes,1,yes,1,
imported,2455,Баэса,Baeza,yes,1,yes,1,
imported,2470,Касерес,Cáceres,yes,1,yes,1,
imported,2478,Кордова,Cordoba,yes,1,yes,1,
imported,2505,Ивиса,Ibiza,yes,1,yes,1,
imported,2526,Мерида,Mérida,yes,1,yes,1,
imported,2161,Дороги в Сантьяго-де-Компостела: Camino francés и дороги на севере Испании,Routes of Santiago de Compostela: Camino Francés and Routes of Northern Spain,yes,1,yes,1,
imported,2581,Толедо,Toledo,yes,1,yes,1,
imported,967,Национальный парк Диндер,Dinder National Park,yes,1,yes,1,
imported,2479,Коро,Coro,yes,1,yes,1,
imported,1091,Побережье Эль-Махры,Al Mahrah Coast,yes,1,yes,1,
imported,593,Национальный парк Лос-Гласьярес,Los Glaciares,yes,1,yes,1,
imported,621,Водопад Секумпул,Sekumpul Waterfall,yes,1,yes,1,
imported,524,Террасы Тегалаланг,Tegalalang Rice Terrace,yes,1,yes,1,
imported,452,Фьорды Мусандама,Musandam Fjords,yes,1,yes,1,
imported,76,Онежское озеро,Lake Onega,yes,1,yes,1,